{"cameraMode":{"drawMode":0,"name":"Shaded","section":"Shading Mode"},"sceneLighting":false,"audioPlay":false,"sceneViewState":{"showFog":false,"showMaterialUpdate":false,"showSkybox":false,"showFlares":false,"showImageEffects":false,"showParticleSystems":false},"in2DMode":false,"pivot":{"x":7.708499431610107,"y":5.071155071258545,"z":11.0390625},"rotation":{"x":-0.22690781950950623,"y":0.0026486776769161226,"z":-0.0006371376221068203,"w":-0.973936140537262},"size":68.4649658203125,"orthographic":false}