{"cameraMode":{"drawMode":0,"name":"Shaded","section":"Shading Mode"},"sceneLighting":false,"audioPlay":false,"sceneViewState":{"showFog":false,"showMaterialUpdate":false,"showSkybox":false,"showFlares":false,"showImageEffects":false,"showParticleSystems":false},"in2DMode":false,"pivot":{"x":12.141782760620118,"y":2.0098745822906496,"z":10.418506622314454},"rotation":{"x":-0.15832974016666413,"y":0.061289869248867038,"z":-0.01016286201775074,"w":-0.9855278730392456},"size":1.5276631116867066,"orthographic":false}