{"cameraMode":{"drawMode":0,"name":"Shaded","section":"Shading Mode"},"sceneLighting":false,"audioPlay":false,"sceneViewState":{"showFog":false,"showMaterialUpdate":false,"showSkybox":false,"showFlares":false,"showImageEffects":false,"showParticleSystems":false},"in2DMode":false,"pivot":{"x":2.487169027328491,"y":2.850950002670288,"z":1.1295464038848878},"rotation":{"x":-0.17634692788124085,"y":-0.021549660712480546,"z":0.003848710097372532,"w":-0.9841158986091614},"size":14.039153099060059,"orthographic":false}