{"cameraMode":{"drawMode":0,"name":"Shaded","section":"Shading Mode"},"sceneLighting":false,"audioPlay":false,"sceneViewState":{"showFog":false,"showMaterialUpdate":false,"showSkybox":false,"showFlares":false,"showImageEffects":false,"showParticleSystems":false},"in2DMode":false,"pivot":{"x":-1.9158364534378052,"y":-0.45233678817749026,"z":0.7574794888496399},"rotation":{"x":0.12660935521125794,"y":-0.6363628506660461,"z":0.10694452375173569,"w":0.7533771395683289},"size":5.145664215087891,"orthographic":false}