{"cameraMode":{"drawMode":0,"name":"Shaded","section":"Shading Mode"},"sceneLighting":false,"audioPlay":false,"sceneViewState":{"showFog":false,"showMaterialUpdate":false,"showSkybox":false,"showFlares":false,"showImageEffects":false,"showParticleSystems":false},"in2DMode":false,"pivot":{"x":5.797389984130859,"y":0.5187808275222778,"z":9.257308959960938},"rotation":{"x":-0.11543342471122742,"y":0.19069446623325349,"z":-0.02261168882250786,"w":-0.9746056795120239},"size":8.0564603805542,"orthographic":false}