{"cameraMode":{"drawMode":0,"name":"Shaded","section":"Shading Mode"},"sceneLighting":false,"audioPlay":false,"sceneViewState":{"showFog":false,"showMaterialUpdate":false,"showSkybox":false,"showFlares":false,"showImageEffects":false,"showParticleSystems":false},"in2DMode":false,"pivot":{"x":6.536039352416992,"y":-38.82535171508789,"z":85.47038269042969},"rotation":{"x":-0.2355988770723343,"y":0.023049913346767427,"z":-0.005623845383524895,"w":-0.9715923070907593},"size":106.25901794433594,"orthographic":false}