{"cameraMode":{"drawMode":0,"name":"Shaded","section":"Shading Mode"},"sceneLighting":false,"audioPlay":false,"sceneViewState":{"showFog":false,"showMaterialUpdate":false,"showSkybox":false,"showFlares":false,"showImageEffects":false,"showParticleSystems":false},"in2DMode":false,"pivot":{"x":0.16311269998550416,"y":0.018780827522277833,"z":0.1479339599609375},"rotation":{"x":-0.11543342471122742,"y":0.19069446623325349,"z":-0.02261168882250786,"w":-0.9746056795120239},"size":8.0564603805542,"orthographic":false}