{"cameraMode":{"drawMode":0,"name":"Shaded","section":"Shading Mode"},"sceneLighting":false,"audioPlay":false,"sceneViewState":{"showFog":false,"showMaterialUpdate":false,"showSkybox":false,"showFlares":false,"showImageEffects":false,"showParticleSystems":false},"in2DMode":false,"pivot":{"x":6.010727405548096,"y":-3.0356197357177736,"z":10.830366134643555},"rotation":{"x":-0.11543342471122742,"y":0.19069446623325349,"z":-0.02261168882250786,"w":-0.9746056795120239},"size":5.860190391540527,"orthographic":false}