{"cameraMode":{"drawMode":0,"name":"Shaded","section":"Shading Mode"},"sceneLighting":false,"audioPlay":false,"sceneViewState":{"showFog":false,"showMaterialUpdate":false,"showSkybox":false,"showFlares":false,"showImageEffects":false,"showParticleSystems":false},"in2DMode":false,"pivot":{"x":6.9186296463012699,"y":-21.360496520996095,"z":19.631053924560548},"rotation":{"x":0.35916024446487429,"y":-0.04580678045749664,"z":0.018102098256349565,"w":0.9320952296257019},"size":47.57512664794922,"orthographic":false}